MOVEMENT_ID,scanombre,shape_leng,shape_area
1,LOS LAURELES,0.02774133557,0.00003682838
2,LA MAGDALENA,0.0532190133,0.00008868455
3,EL UVAL RURAL,0.17133255561,0.00070836163
4,PALO BLANCO,0.01718710615,0.00001780783
5,POTRERILLO,0.01052725175,0.00000657101
6,BANCO CENTRAL,0.01486161886,0.00001284253
7,HOYA TEUSACA,0.27653173395,0.0026796478
8,LA ESTANZUELA,0.02946632201,0.00003609556
9,LAS NIEVES,0.02946632201,0.00003609556
10,ARBORIZADORA ALTA,0.02491132946,0.00001679339